speaker_id,count,percentage
C,1710,29.396596183599794
D,1469,25.253567130823452
B,1422,24.44559051057246
A,1216,20.9042461750043
