dialogue_act_type,count,percentage
fra,3880,66.70104865050713
ass,488,8.389204057074092
inf,477,8.200103145951521
be.pos,242,4.160220044696579
sug,199,3.421007392126526
bck,183,3.145951521402785
el.inf,99,1.701908200103146
el.ass,58,0.9970775313735603
oth,58,0.9970775313735603
und,47,0.8079766202509884
stl,32,0.5501117414474815
off,24,0.4125838060856112
el.sug,19,0.3266288464844422
be.neg,7,0.12033694344163659
el.und,2,0.034381983840467596
