pair_type,count,percentage
apt_1,485,85.5379188712522
apt_2,35,6.172839506172839
apt_3,32,5.64373897707231
apt_4,15,2.6455026455026456
