,count,percentage
audio,7482,62.142857142857146
video,7394,61.411960132890364
lip_video,0,0.0
