dialogue_act_type,count,percentage
fra,5409,44.92524916943522
ass,1732,14.385382059800664
inf,1714,14.235880398671096
be.pos,824,6.843853820598006
sug,560,4.651162790697675
bck,527,4.377076411960132
stl,338,2.8073089700996676
oth,259,2.1511627906976747
el.inf,241,2.0016611295681064
und,160,1.3289036544850499
el.ass,120,0.9966777408637874
off,89,0.739202657807309
el.sug,38,0.31561461794019935
be.neg,23,0.19102990033222592
el.und,3,0.02491694352159468
