speaker_id,count,percentage
B,3152,26.179401993355484
C,3063,25.440199335548176
D,2920,24.25249169435216
A,2905,24.12790697674419
