dialogue_act_type,count,percentage
fra,3880,68.09406809406809
ass,465,8.16075816075816
inf,438,7.686907686907688
be.pos,240,4.212004212004212
bck,183,3.2116532116532115
sug,181,3.1765531765531763
el.inf,87,1.5268515268515268
oth,58,1.017901017901018
und,46,0.8073008073008073
el.ass,39,0.6844506844506845
stl,32,0.5616005616005616
off,23,0.40365040365040367
el.sug,15,0.26325026325026324
be.neg,7,0.12285012285012285
el.und,2,0.0351000351000351
