speaker_id,count,percentage
C,1672,29.343629343629345
D,1426,25.026325026325026
B,1403,24.622674622674623
A,1197,21.007371007371006
