speaker_id,count,percentage
B,3227,25.957207207207205
C,3156,25.386100386100384
D,3030,24.372586872586872
A,3019,24.284105534105535
