dialogue_act_type,count,percentage
fra,5409,43.50868725868725
inf,1837,14.776383526383526
ass,1821,14.647683397683398
be.pos,827,6.652187902187902
sug,630,5.0675675675675675
bck,527,4.239060489060489
stl,338,2.7187902187902186
el.inf,285,2.2924710424710426
oth,262,2.1074646074646073
el.ass,170,1.3674388674388673
und,163,1.3111325611325613
off,91,0.7319819819819819
el.sug,43,0.3458815958815959
be.neg,23,0.18500643500643502
el.und,3,0.02413127413127413
