,count,percentage
audio,7655,61.57496782496783
video,7566,60.859073359073356
lip_video,5817,46.79054054054054
