pair_type,count,percentage
apt_1,1474,83.41822297679683
apt_2,158,8.941709111488398
apt_3,91,5.149971703452179
apt_4,44,2.490096208262592
