,count,percentage
audio,7655,100.0
video,7566,98.83736120182887
lip_video,5817,75.98954931417374
