dialogue_act_type,count,percentage
fra,4949,64.65055519268452
ass,708,9.248856956237752
inf,652,8.517308948399739
be.pos,346,4.519921619856302
sug,271,3.5401698236446766
bck,230,3.0045721750489878
el.inf,131,1.711299804049641
oth,93,1.2148922273024167
el.ass,87,1.1365120836054865
und,69,0.9013716525146962
stl,48,0.6270411495754409
off,35,0.45721750489875895
el.sug,23,0.30045721750489873
be.neg,9,0.11757021554539517
el.und,2,0.02612671456564337
