speaker_id,count,percentage
B,2072,27.067276290006532
C,2066,26.9888961463096
D,1833,23.94513389941215
A,1684,21.99869366427172
