pair_type,count,percentage
apt_1,669,84.68354430379746
apt_2,54,6.8354430379746836
apt_3,45,5.69620253164557
apt_4,22,2.7848101265822782
