pair_type_gloss,total_pairs,src_laugh,tgt_laugh,mutual_laugh,src_laugh_pct,tgt_laugh_pct,mutual_laugh_pct
Objection/Negative Assessment,2418,141,207,32,5.831265508684863,8.560794044665013,1.3234077750206783
Partial agreement/support,641,41,45,7,6.396255850234009,7.02028081123245,1.0920436817472698
Support/Possitive Assessment,22671,1326,1493,350,5.848881831414582,6.5855057121432665,1.5438225045211944
Uncertain,1316,88,95,14,6.686930091185411,7.218844984802431,1.0638297872340425
