speaker_id,total,laughter,laughter_pct
A,35907,2689,7.488790486534659
B,27669,2948,10.654523112508583
C,26524,2860,10.782687377469461
D,27038,2697,9.97485021081441
