,count,percentage
audio,7482,100.0
video,7394,98.82384389200747
lip_video,5698,76.15610799251536
