dialogue_act_type,count,percentage
fra,4949,66.1454156642609
ass,669,8.941459502806737
inf,599,8.005880780539963
be.pos,344,4.597701149425287
sug,242,3.234429296979417
bck,230,3.074044373162256
el.inf,117,1.5637530072173216
oth,92,1.2296177492649023
und,67,0.8954824913124833
el.ass,59,0.7885592087677091
stl,48,0.6415396952686447
off,34,0.45442395081529
el.sug,19,0.2539427960438385
be.neg,9,0.12028869286287089
el.und,2,0.02673082063619353
