speaker_id,count,percentage
B,2039,27.252071638599308
C,2019,26.98476343223737
D,1779,23.777064955894144
A,1645,21.98609997326918
